,Year,Country Code,Country Name,Region,Income Group,Lending Type,NY.GDP.MKTP.PP.CD,NY.GDP.PCAP.PP.CD,SH.STA.SUIC.P5,SP.DYN.LE00.IN,SP.POP.TOTL
0,2000,BRA,Brazil,Latin America & Caribbean ,Upper middle income,IBRD,1582133937142.26,8995.8518938603,4.0,69.737,175873720.0
1,2000,CAN,Canada,North America,High income,Not classified,900996986801.064,29362.0841609786,11.9,79.1668292683,30685730.0
2,2000,CHN,China,East Asia & Pacific,Upper middle income,IBRD,3683895772379.01,2917.6021545082,14.3,71.881,1262645000.0
3,2000,DEU,Germany,Europe & Central Asia,High income,Not classified,2236356580270.01,27202.4760848567,14.5,77.9268292683,82211508.0
4,2000,FRA,France,Europe & Central Asia,High income,Not classified,1589447364206.0,26090.1387960261,20.2,79.056097561,60921384.0
5,2000,GBR,United Kingdom,Europe & Central Asia,High income,Not classified,1562409690541.96,26529.8521734351,8.6,77.7414634146,58892514.0
6,2000,IND,India,South Asia,Lower middle income,IBRD,2211966282617.15,2087.4820561145,17.0,62.669,1059633675.0
7,2000,ITA,Italy,Europe & Central Asia,High income,Not classified,1541756006452.58,27075.8505542609,7.5,79.7780487805,56942108.0
8,2000,JPN,Japan,East Asia & Pacific,High income,Not classified,3461199212871.49,27287.2701912718,23.9,81.076097561,126843000.0
9,2000,RUS,Russian Federation,Europe & Central Asia,High income,IBRD,1000581025238.43,6825.3916015625,53.8,65.4836585366,146596869.0
10,2000,USA,United States,North America,High income,Not classified,10250952000000.0,36329.9702595751,11.0,76.6365853659,282162411.0
11,2000,ZAF,South Africa,Sub-Saharan Africa ,Upper middle income,IBRD,381771803877.016,8155.2054897647,22.4,58.47,46813266.0
12,2001,BRA,Brazil,Latin America & Caribbean ,Upper middle income,IBRD,1640243857235.29,9203.8973385578,4.4,70.195,178211881.0
13,2001,CAN,Canada,North America,High income,Not classified,937786776176.929,30230.8487685762,12.2,79.3980487805,31020855.0
14,2001,CHN,China,East Asia & Pacific,Upper middle income,IBRD,4080839898586.26,3208.5858384135,12.9,72.606,1271850000.0
15,2001,DEU,Germany,Europe & Central Asia,High income,Not classified,2336835923256.39,28376.9040865111,14.5,78.3292682927,82349925.0
16,2001,FRA,France,Europe & Central Asia,High income,Not classified,1687216662882.44,27493.7017505526,19.5,79.1585365854,61367388.0
17,2001,GBR,United Kingdom,Europe & Central Asia,High income,Not classified,1650357031262.37,27915.5304404741,8.3,77.9926829268,59119673.0
18,2001,IND,India,South Asia,Lower middle income,IBRD,2370880066256.84,2197.3530990274,16.6,63.091,1078970907.0
19,2001,ITA,Italy,Europe & Central Asia,High income,Not classified,1597668432819.82,28042.0126482002,7.3,80.1268292683,56974100.0
20,2001,JPN,Japan,East Asia & Pacific,High income,Not classified,3552841434344.91,27942.346651133,23.2,81.4163414634,127149000.0
21,2001,RUS,Russian Federation,Europe & Central Asia,High income,IBRD,1074585972513.87,7361.3637695312,52.4,65.3834146341,145976482.0
22,2001,USA,United States,North America,High income,Not classified,10581929000000.0,37133.6203973517,11.4,76.8365853659,284968955.0
23,2001,ZAF,South Africa,Sub-Saharan Africa ,Upper middle income,IBRD,400908060357.04,8488.4710577972,23.0,57.261,47229714.0
24,2002,BRA,Brazil,Latin America & Caribbean ,Upper middle income,IBRD,1716595685871.23,9511.4539912523,4.4,70.41,180476685.0
25,2002,CAN,Canada,North America,High income,Not classified,971003788233.131,30963.9218856684,11.9,79.5307317073,31359199.0
26,2002,CHN,China,East Asia & Pacific,Upper middle income,IBRD,4522776968547.28,3532.3156580344,12.2,72.985,1280400000.0
27,2002,DEU,Germany,Europe & Central Asia,High income,Not classified,2406901890705.46,29178.6374658122,14.6,78.2292682927,82488495.0
28,2002,FRA,France,Europe & Central Asia,High income,Not classified,1762926373243.27,28518.8252206252,19.8,79.2609756098,61816234.0
29,2002,GBR,United Kingdom,Europe & Central Asia,High income,Not classified,1727031050462.62,29089.0536770407,8.3,78.143902439,59370479.0
30,2002,IND,India,South Asia,Lower middle income,IBRD,2499312620412.96,2275.5922325101,16.1,63.616,1098313039.0
31,2002,ITA,Italy,Europe & Central Asia,High income,Not classified,1639680554324.34,28736.5771073504,7.4,80.2292682927,57059007.0
32,2002,JPN,Japan,East Asia & Pacific,High income,Not classified,3647933229747.3,28623.5884479367,23.8,81.6907317073,127445000.0
33,2002,RUS,Russian Federation,Europe & Central Asia,High income,IBRD,1167897269467.94,8037.474609375,52.0,65.1287804878,145306497.0
34,2002,USA,United States,North America,High income,Not classified,10929108000000.0,37997.7424300242,11.8,76.9365853659,287625193.0
35,2002,ZAF,South Africa,Sub-Saharan Africa ,Upper middle income,IBRD,422203786104.323,8858.3796583617,24.3,55.666,47661514.0
36,2003,BRA,Brazil,Latin America & Caribbean ,Upper middle income,IBRD,1770456746653.52,9694.2657061455,4.3,70.72,182629278.0
37,2003,CAN,Canada,North America,High income,Not classified,1023682523002.92,32351.5456968698,12.4,79.7151219512,31642461.0
38,2003,CHN,China,East Asia & Pacific,Upper middle income,IBRD,5075031893949.34,3939.018855906,12.8,73.371,1288400000.0
39,2003,DEU,Germany,Europe & Central Asia,High income,Not classified,2468581417076.04,29909.8087206449,14.4,78.3804878049,82534176.0
40,2003,FRA,France,Europe & Central Asia,High income,Not classified,1753702241886.26,28168.769567267,20.1,79.1146341463,62256970.0
41,2003,GBR,United Kingdom,Europe & Central Asia,High income,Not classified,1808366865946.19,30317.5243136229,7.9,78.4463414634,59647577.0
42,2003,IND,India,South Asia,Lower middle income,IBRD,2748991073183.65,2460.134122584,15.3,64.094,1117415123.0
43,2003,ITA,Italy,Europe & Central Asia,High income,Not classified,1673461816279.47,29198.5394059981,7.4,79.9829268293,57313203.0
44,2003,JPN,Japan,East Asia & Pacific,High income,Not classified,3753919256711.54,29392.2489916186,25.6,81.76,127718000.0
45,2003,RUS,Russian Federation,Europe & Central Asia,High income,IBRD,1338656016289.8,9254.537109375,51.6,65.0275609756,144648618.0
46,2003,USA,United States,North America,High income,Not classified,11456450000000.0,39490.3023903176,11.7,77.0365853659,290107933.0
47,2003,ZAF,South Africa,Sub-Saharan Africa ,Upper middle income,IBRD,443236349878.13,9214.1174871214,25.1,54.331,48104048.0
48,2004,BRA,Brazil,Latin America & Caribbean ,Upper middle income,IBRD,1922785831282.21,10409.0762534616,4.4,71.131,184722043.0
49,2004,CAN,Canada,North America,High income,Not classified,1083609294356.44,33927.6696952532,11.7,79.992195122,31938807.0
50,2004,CHN,China,East Asia & Pacific,Upper middle income,IBRD,5738575724796.05,4427.6571377398,13.3,73.748,1296075000.0
51,2004,DEU,Germany,Europe & Central Asia,High income,Not classified,2585624852863.53,31334.731516716,14.0,78.6804878049,82516260.0
52,2004,FRA,France,Europe & Central Asia,High income,Not classified,1822285317078.39,29056.0052608709,19.5,80.1634146341,62716306.0
53,2004,GBR,United Kingdom,Europe & Central Asia,High income,Not classified,1922940594923.09,32055.4717642346,8.2,78.7463414634,59987905.0
54,2004,IND,India,South Asia,Lower middle income,IBRD,3046571526399.77,2681.2166567369,15.2,64.524,1136264583.0
55,2004,ITA,Italy,Europe & Central Asia,High income,Not classified,1704921939474.48,29555.5564671494,7.2,80.7804878049,57685327.0
56,2004,JPN,Japan,East Asia & Pacific,High income,Not classified,3938955753801.61,30830.6584466434,24.1,82.0302439024,127761000.0
57,2004,RUS,Russian Federation,Europe & Central Asia,High income,IBRD,1473342751130.22,10226.7666015625,50.1,65.4709756098,144067316.0
58,2004,USA,United States,North America,High income,Not classified,12217196000000.0,41724.6411982614,11.9,77.487804878,292805298.0
59,2004,ZAF,South Africa,Sub-Saharan Africa ,Upper middle income,IBRD,475885687322.458,9800.7453552504,24.6,54.043,48556071.0
60,2005,BRA,Brazil,Latin America & Caribbean ,Upper middle income,IBRD,2046574552628.89,10956.1229210525,4.7,71.753,186797334.0
61,2005,CAN,Canada,North America,High income,Not classified,1171326187910.13,36328.378994377,12.2,80.1126829268,32242732.0
62,2005,CHN,China,East Asia & Pacific,Upper middle income,IBRD,6592895776896.02,5056.9875256159,12.9,74.111,1303720000.0
63,2005,DEU,Germany,Europe & Central Asia,High income,Not classified,2622040720917.68,31794.0960095207,13.3,78.9317073171,82469422.0
64,2005,FRA,France,Europe & Central Asia,High income,Not classified,1926880446239.76,30494.2141075076,19.1,80.1634146341,63188395.0
65,2005,GBR,United Kingdom,Europe & Central Asia,High income,Not classified,1976697912294.61,32726.1331883772,7.9,79.0487804878,60401206.0
66,2005,IND,India,South Asia,Lower middle income,IBRD,3391057140606.55,2936.8988779147,15.5,64.996,1154638713.0
67,2005,ITA,Italy,Europe & Central Asia,High income,Not classified,1746657911754.7,30130.6444569128,6.7,80.7829268293,57969484.0
68,2005,JPN,Japan,East Asia & Pacific,High income,Not classified,4110440479265.64,32169.867493646,24.3,81.9551219512,127773000.0
69,2005,RUS,Russian Federation,Europe & Central Asia,High income,IBRD,1696729209914.69,11822.3466796875,49.8,65.5297560976,143518814.0
70,2005,USA,United States,North America,High income,Not classified,13039197000000.0,44123.3996470026,11.9,77.487804878,295516599.0
71,2005,ZAF,South Africa,Sub-Saharan Africa ,Upper middle income,IBRD,516707000237.88,10541.3519933724,24.4,53.98,49017147.0
72,2006,BRA,Brazil,Latin America & Caribbean ,Upper middle income,IBRD,2193273153845.76,11615.6404617041,4.7,72.037,188820682.0
73,2006,CAN,Canada,North America,High income,Not classified,1241594039979.59,38119.3909593545,11.2,80.5436585366,32571193.0
74,2006,CHN,China,East Asia & Pacific,Upper middle income,IBRD,7660752769348.59,5843.3530909891,12.1,74.504,1311020000.0
75,2006,DEU,Germany,Europe & Central Asia,High income,Not classified,2813988060124.12,34160.1031115569,12.8,79.1317073171,82376451.0
76,2006,FRA,France,Europe & Central Asia,High income,Not classified,2065681747817.41,32464.8468361788,18.5,80.812195122,63628261.0
77,2006,GBR,United Kingdom,Europe & Central Asia,High income,Not classified,2113503098384.48,34734.8160246415,7.8,79.2487804878,60846820.0
78,2006,IND,India,South Asia,Lower middle income,IBRD,3777405337964.59,3222.0144945484,15.6,65.412,1172373788.0
79,2006,ITA,Italy,Europe & Central Asia,High income,Not classified,1886969023402.89,32453.3865046094,6.7,81.2829268293,58143979.0
80,2006,JPN,Japan,East Asia & Pacific,High income,Not classified,4300322202225.7,33634.6317066787,23.9,82.3219512195,127854000.0
81,2006,RUS,Russian Federation,Europe & Central Asia,High income,IBRD,2133189651004.95,14912.234375,44.8,66.7275609756,143049637.0
82,2006,USA,United States,North America,High income,Not classified,13815583000000.0,46301.9876485519,12.1,77.687804878,298379912.0
83,2006,ZAF,South Africa,Sub-Saharan Africa ,Upper middle income,IBRD,562489593721.131,11365.3189779957,23.6,54.278,49491756.0
84,2007,BRA,Brazil,Latin America & Caribbean ,Upper middle income,IBRD,2389430239855.4,12524.5680406443,4.9,72.365,190779453.0
85,2007,CAN,Canada,North America,High income,Not classified,1301593351698.17,39575.4770075876,11.5,80.5436585366,32888886.0
86,2007,CHN,China,East Asia & Pacific,Upper middle income,IBRD,8988029531096.95,6820.0408465814,11.5,74.762,1317885000.0
87,2007,DEU,Germany,Europe & Central Asia,High income,Not classified,2985917074516.82,36295.7184317891,12.4,79.5341463415,82266372.0
88,2007,FRA,France,Europe & Central Asia,High income,Not classified,2184813801951.45,34126.125037055,17.9,81.112195122,64021737.0
89,2007,GBR,United Kingdom,Europe & Central Asia,High income,Not classified,2178376960471.15,35523.3115876502,7.6,79.4487804878,61322463.0
90,2007,IND,India,South Asia,Lower middle income,IBRD,4176965103147.35,3510.9639921437,15.3,65.788,1189691809.0
91,2007,ITA,Italy,Europe & Central Asia,High income,Not classified,1995607744467.66,34148.9640009724,6.7,81.4341463415,58438310.0
92,2007,JPN,Japan,East Asia & Pacific,High income,Not classified,4482081297524.2,35015.9865745127,25.0,82.5070731707,128001000.0
93,2007,RUS,Russian Federation,Europe & Central Asia,High income,IBRD,2377454045310.01,16648.2421875,41.7,67.5868292683,142805114.0
94,2007,USA,United States,North America,High income,Not classified,14474228000000.0,48050.227412195,12.4,77.987804878,301231207.0
95,2007,ZAF,South Africa,Sub-Saharan Africa ,Upper middle income,IBRD,608697898067.317,12174.9090652425,24.6,54.992,49996094.0
96,2008,BRA,Brazil,Latin America & Caribbean ,Upper middle income,IBRD,2559535104844.25,13284.3946898934,5.1,72.715,192672317.0
97,2008,CAN,Canada,North America,High income,Not classified,1342395839240.43,40376.0882836384,11.5,80.7246341463,33247298.0
98,2008,CHN,China,East Asia & Pacific,Upper middle income,IBRD,10045321032098.2,7583.3488962018,11.1,74.872,1324655000.0
99,2008,DEU,Germany,Europe & Central Asia,High income,Not classified,3103957698735.13,37802.3874303197,12.5,79.7365853659,82110097.0
100,2008,FRA,France,Europe & Central Asia,High income,Not classified,2259256991361.58,35092.6943078696,18.2,81.2146341463,64379696.0
101,2008,GBR,United Kingdom,Europe & Central Asia,High income,Not classified,2271085135764.89,36744.7913584035,8.1,79.6,61806995.0
102,2008,IND,India,South Asia,Lower middle income,IBRD,4388857508296.44,3636.9693543889,15.1,66.149,1206734806.0
103,2008,ITA,Italy,Europe & Central Asia,High income,Not classified,2089717925618.93,35523.2713104342,6.9,81.4853658537,58826731.0
104,2008,JPN,Japan,East Asia & Pacific,High income,Not classified,4517267516318.56,35273.791152156,24.4,82.5875609756,128063000.0
105,2008,RUS,Russian Federation,Europe & Central Asia,High income,IBRD,2878201315078.6,20163.609375,40.7,67.9492682927,142742366.0
106,2008,USA,United States,North America,High income,Not classified,14769862000000.0,48570.0594269601,12.7,78.0390243902,304093966.0
107,2008,ZAF,South Africa,Sub-Saharan Africa ,Upper middle income,IBRD,640223797136.709,12661.1987786671,26.7,56.022,50565812.0
108,2009,BRA,Brazil,Latin America & Caribbean ,Upper middle income,IBRD,2572081759819.24,13222.8776942858,5.1,72.948,194517549.0
109,2009,CAN,Canada,North America,High income,Not classified,1307000908301.48,38864.0566958538,12.0,81.066097561,33630069.0
110,2009,CHN,China,East Asia & Pacific,Upper middle income,IBRD,11057234022822.0,8305.8411000271,10.7,75.343,1331260000.0
111,2009,DEU,Germany,Europe & Central Asia,High income,Not classified,3015213344346.78,36814.7547339146,12.8,79.8365853659,81902307.0
112,2009,FRA,France,Europe & Central Asia,High income,Not classified,2243849588234.41,34674.9978196774,18.4,81.4146341463,64710879.0
113,2009,GBR,United Kingdom,Europe & Central Asia,High income,Not classified,2181122499274.74,35023.3323106015,8.0,80.0512195122,62276270.0
114,2009,IND,India,South Asia,Lower middle income,IBRD,4763102417317.51,3892.5679076417,14.5,66.513,1223640160.0
115,2009,ITA,Italy,Europe & Central Asia,High income,Not classified,2044812502835.96,34601.9100285776,7.0,81.6365853659,59095365.0
116,2009,JPN,Japan,East Asia & Pacific,High income,Not classified,4295629000666.77,33547.2834245767,24.9,82.9314634146,128047000.0
117,2009,RUS,Russian Federation,Europe & Central Asia,High income,IBRD,2768599517953.77,19389.94140625,38.4,68.6846341463,142785348.0
118,2009,USA,United States,North America,High income,Not classified,14478067000000.0,47194.9500893872,12.8,78.3902439024,306771529.0
119,2009,ZAF,South Africa,Sub-Saharan Africa ,Upper middle income,IBRD,634264625677.315,12395.0551090362,26.7,57.447,51170779.0
120,2010,BRA,Brazil,Latin America & Caribbean ,Upper middle income,IBRD,2799325235403.79,14256.5594677776,5.0,73.182,196353492.0
121,2010,CAN,Canada,North America,High income,Not classified,1363577286343.32,40098.2537191139,12.1,81.322195122,34005902.0
122,2010,CHN,China,East Asia & Pacific,Upper middle income,IBRD,12381936443545.5,9256.1038820558,10.2,75.599,1337705000.0
123,2010,DEU,Germany,Europe & Central Asia,High income,Not classified,3184877915497.16,38945.9217348604,13.2,79.987804878,81776930.0
124,2010,FRA,France,Europe & Central Asia,High income,Not classified,2334271976414.98,35894.9921081735,18.2,81.6634146341,65030575.0
125,2010,GBR,United Kingdom,Europe & Central Asia,High income,Not classified,2290198529537.39,36487.6718531875,7.8,80.4024390244,62766365.0
126,2010,IND,India,South Asia,Lower middle income,IBRD,5230655285592.43,4216.1839925572,14.6,66.909,1240613620.0
127,2010,ITA,Italy,Europe & Central Asia,High income,Not classified,2083743155618.66,35152.3946399126,6.9,82.0365853659,59277417.0
128,2010,JPN,Japan,East Asia & Pacific,High income,Not classified,4525401285474.55,35335.3735103814,24.1,82.8426829268,128070000.0
129,2010,RUS,Russian Federation,Europe & Central Asia,High income,IBRD,2927003701123.47,20490.126953125,38.1,68.8412195122,142849468.0
130,2010,USA,United States,North America,High income,Not classified,15048971000000.0,48650.6643227232,13.1,78.5414634146,309327143.0
131,2010,ZAF,South Africa,Sub-Saharan Africa ,Upper middle income,IBRD,661487016251.271,12773.7380588313,24.6,58.899,51784921.0
132,2011,BRA,Brazil,Latin America & Caribbean ,Upper middle income,IBRD,2970630762099.6,14989.1577837574,5.2,73.343,198185302.0
133,2011,CAN,Canada,North America,High income,Not classified,1430806739876.64,41666.8374590278,11.3,81.4826829268,34339221.0
134,2011,CHN,China,East Asia & Pacific,Upper middle income,IBRD,13844365195917.5,10292.9404780675,9.6,75.903,1345035000.0
135,2011,DEU,Germany,Europe & Central Asia,High income,Not classified,3415020684916.05,42541.5310884096,13.2,80.4365853659,80274983.0
136,2011,FRA,France,Europe & Central Asia,High income,Not classified,2446475413051.0,37439.2331426991,18.0,82.1146341463,65345233.0
137,2011,GBR,United Kingdom,Europe & Central Asia,High income,Not classified,2354769903633.16,37224.3787645256,8.3,80.9512195122,63258810.0
138,2011,IND,India,South Asia,Lower middle income,IBRD,5618380734788.7,4467.4666545029,14.7,67.359,1257621191.0
139,2011,ITA,Italy,Europe & Central Asia,High income,Not classified,2173169963370.93,36598.0149693024,7.4,82.187804878,59379449.0
140,2011,JPN,Japan,East Asia & Pacific,High income,Not classified,4629400479632.82,36214.4397740241,23.4,82.5912195122,127833000.0
141,2011,RUS,Russian Federation,Europe & Central Asia,High income,IBRD,3259319197327.18,22789.54296875,35.9,69.683902439,143018195.0
142,2011,USA,United States,North America,High income,Not classified,15599732000000.0,50065.9789470675,13.4,78.6414634146,311583481.0
143,2011,ZAF,South Africa,Sub-Saharan Africa ,Upper middle income,IBRD,696526225201.767,13281.5038939992,22.4,60.651,52443325.0
144,2012,BRA,Brazil,Latin America & Caribbean ,Upper middle income,IBRD,2992140131710.98,14962.368438953,5.4,73.552,199977707.0
145,2012,CAN,Canada,North America,High income,Not classified,1468097961846.59,42291.9729357094,11.8,81.6636585366,34713395.0
146,2012,CHN,China,East Asia & Pacific,Upper middle income,IBRD,15212933582532.8,11233.9727678781,9.0,76.192,1354190000.0
147,2012,DEU,Germany,Europe & Central Asia,High income,Not classified,3487232707438.34,43359.6148271723,12.9,80.5390243902,80425823.0
148,2012,FRA,France,Europe & Central Asia,High income,Not classified,2474003939353.38,37677.7267932587,17.8,81.9682926829,65662240.0
149,2012,GBR,United Kingdom,Europe & Central Asia,High income,Not classified,2442462879506.98,38343.0869033484,8.2,80.9048780488,63700215.0
150,2012,IND,India,South Asia,Lower middle income,IBRD,6162754462200.5,4835.4776647959,14.3,67.887,1274487215.0
151,2012,ITA,Italy,Europe & Central Asia,High income,Not classified,2172383785077.79,36486.2967870302,7.6,82.2390243902,59539717.0
152,2012,JPN,Japan,East Asia & Pacific,High income,Not classified,4799612889015.1,37605.9742614539,21.6,83.096097561,127629000.0
153,2012,RUS,Russian Federation,Europe & Central Asia,High income,IBRD,3480299219245.86,24273.517578125,34.4,70.072195122,143378447.0
154,2012,USA,United States,North America,High income,Not classified,16253970000000.0,51784.4114692048,13.5,78.7414634146,313877662.0
155,2012,ZAF,South Africa,Sub-Saharan Africa ,Upper middle income,IBRD,698463315669.415,13142.5888035372,22.9,61.846,53145033.0
156,2013,BRA,Brazil,Latin America & Caribbean ,Upper middle income,IBRD,3120542014445.91,15469.5353944917,5.6,73.918,201721767.0
157,2013,CAN,Canada,North America,High income,Not classified,1554125000000.0,44301.0562529133,12.1,81.7448780488,35080992.0
158,2013,CHN,China,East Asia & Pacific,Upper middle income,IBRD,16374803441524.1,12011.6805856079,8.6,76.452,1363240000.0
159,2013,DEU,Germany,Europe & Central Asia,High income,Not classified,3628559701800.76,44993.8927459315,13.4,80.4902439024,80645605.0
160,2013,FRA,France,Europe & Central Asia,High income,Not classified,2608522466158.15,39521.6969847538,17.0,82.2195121951,66002289.0
161,2013,GBR,United Kingdom,Europe & Central Asia,High income,Not classified,2562195072837.32,39954.2191450769,8.8,81.0048780488,64128273.0
162,2013,IND,India,South Asia,Lower middle income,IBRD,6497743441802.47,5032.5939754797,13.7,68.46,1291132063.0
163,2013,ITA,Italy,Europe & Central Asia,High income,Not classified,2187377576803.98,36314.6971007775,7.5,82.6902439024,60233948.0
164,2013,JPN,Japan,East Asia & Pacific,High income,Not classified,5021591088716.88,39402.0250988025,21.4,83.3319512195,127445000.0
165,2013,RUS,Russian Federation,Europe & Central Asia,High income,IBRD,3741783381914.27,26019.7265625,33.5,70.5787804878,143805638.0
166,2013,USA,United States,North America,High income,Not classified,16880683000000.0,53409.7507774372,13.5,78.7414634146,316059947.0
167,2013,ZAF,South Africa,Sub-Saharan Africa ,Upper middle income,IBRD,731024717341.774,13569.2528480319,23.7,62.533,53873616.0
168,2014,BRA,Brazil,Latin America & Caribbean ,Upper middle income,IBRD,3166808963772.23,15564.8009999636,5.6,74.306,203459650.0
169,2014,CAN,Canada,North America,High income,Not classified,1621395561291.92,45758.1007297304,12.7,81.7843902439,35434066.0
170,2014,CHN,China,East Asia & Pacific,Upper middle income,IBRD,17423231129699.6,12700.4440173922,8.4,76.717,1371860000.0
171,2014,DEU,Germany,Europe & Central Asia,High income,Not classified,3807112936430.42,47011.5510935131,13.4,81.0902439024,80982500.0
172,2014,FRA,France,Europe & Central Asia,High income,Not classified,2662033396692.53,40144.0268283679,15.6,82.7195121951,66312067.0
173,2014,GBR,United Kingdom,Europe & Central Asia,High income,Not classified,2666661894153.29,41278.1275079919,8.6,81.3048780488,64602298.0
174,2014,IND,India,South Asia,Lower middle income,IBRD,6812807109172.35,5211.5703214874,12.8,69.074,1307246509.0
175,2014,ITA,Italy,Europe & Central Asia,High income,Not classified,2200255257934.9,36194.873918843,7.2,83.0902439024,60789140.0
176,2014,JPN,Japan,East Asia & Pacific,High income,Not classified,5034454618847.27,39555.4120089198,20.1,83.587804878,127276000.0
177,2014,RUS,Russian Federation,Europe & Central Asia,High income,IBRD,3763534951277.15,25688.2265625,33.8,70.7436585366,144237223.0
178,2014,USA,United States,North America,High income,Not classified,17608138000000.0,55304.3155317137,14.0,78.8414634146,318386329.0
179,2014,ZAF,South Africa,Sub-Saharan Africa ,Upper middle income,IBRD,742688200700.391,13570.1497112664,24.1,63.38,54729551.0
180,2015,BRA,Brazil,Latin America & Caribbean ,Upper middle income,IBRD,2989121457827.16,14567.7060619891,5.9,74.332,205188205.0
181,2015,CAN,Canada,North America,High income,Not classified,1594851775821.65,44668.0912814303,13.0,81.8156097561,35704498.0
182,2015,CHN,China,East Asia & Pacific,Upper middle income,IBRD,18216461648412.0,13201.6738280782,8.1,76.977,1379860000.0
183,2015,DEU,Germany,Europe & Central Asia,High income,Not classified,3889081660716.44,47609.7810045816,13.3,80.6414634146,81686611.0
184,2015,FRA,France,Europe & Central Asia,High income,Not classified,2718496736713.76,40849.9973780501,15.8,82.3219512195,66548272.0
185,2015,GBR,United Kingdom,Europe & Central Asia,High income,Not classified,2767234470818.76,42496.8542909218,8.8,80.956097561,65116219.0
186,2015,IND,India,South Asia,Lower middle income,IBRD,7204580698458.92,5446.1887660077,12.3,69.636,1322866505.0
187,2015,ITA,Italy,Europe & Central Asia,High income,Not classified,2240921139199.72,36899.3852092463,7.1,82.543902439,60730582.0
188,2015,JPN,Japan,East Asia & Pacific,High income,Not classified,5199915217476.25,40898.80697396,19.1,83.793902439,127141000.0
189,2015,RUS,Russian Federation,Europe & Central Asia,High income,IBRD,3526235948513.73,23994.013671875,32.0,71.1834146341,144640716.0
190,2015,USA,United States,North America,High income,Not classified,18295019000000.0,57040.2082136605,14.4,78.6902439024,320738994.0
191,2015,ZAF,South Africa,Sub-Saharan Africa ,Upper middle income,IBRD,759954918901.854,13600.6167977484,24.5,63.95,55876504.0
192,2016,BRA,Brazil,Latin America & Caribbean ,Upper middle income,IBRD,2907889886097.55,14057.3132470451,6.0,74.442,206859578.0
193,2016,CAN,Canada,North America,High income,Not classified,1678092366067.55,46470.6466391111,11.9,81.9248780488,36110803.0
194,2016,CHN,China,East Asia & Pacific,Upper middle income,IBRD,19265339702246.8,13882.0280462079,8.2,77.218,1387790000.0
195,2016,DEU,Germany,Europe & Central Asia,High income,Not classified,4165169650070.14,50579.6839299266,13.0,80.9902439024,82348669.0
196,2016,FRA,France,Europe & Central Asia,High income,Not classified,2864106383742.44,42924.613626021,14.9,82.5731707317,66724104.0
197,2016,GBR,United Kingdom,Europe & Central Asia,High income,Not classified,2892297884267.13,44082.1164678494,8.5,81.156097561,65611593.0
198,2016,IND,India,South Asia,Lower middle income,IBRD,7795524017467.06,5823.4815420199,12.1,70.117,1338636340.0
199,2016,ITA,Italy,Europe & Central Asia,High income,Not classified,2420671363968.59,39926.9546628592,6.6,83.243902439,60627498.0
200,2016,JPN,Japan,East Asia & Pacific,High income,Not classified,5158900389806.61,40596.9686628994,17.5,83.9848780488,127076000.0
201,2016,RUS,Russian Federation,Europe & Central Asia,High income,IBRD,3538975998887.58,24012.40234375,31.0,71.6512195122,145015460.0
202,2016,USA,United States,North America,High income,Not classified,18804912999999.9,58206.6141931841,15.1,78.5390243902,323071755.0
203,2016,ZAF,South Africa,Sub-Saharan Africa ,Upper middle income,IBRD,774110394019.95,13719.9431915834,24.4,64.747,56422274.0
204,2017,BRA,Brazil,Latin America & Caribbean ,Upper middle income,IBRD,2980287463599.86,14293.6046394285,6.6,74.827,208504960.0
205,2017,CAN,Canada,North America,High income,Not classified,1765762548007.77,48317.3874457165,13.0,81.8329268293,36545075.0
206,2017,CHN,China,East Asia & Pacific,Upper middle income,IBRD,20594682031575.0,14750.3658330379,8.1,77.248,1396215000.0
207,2017,DEU,Germany,Europe & Central Asia,High income,Not classified,4386727409191.68,53071.4555699913,12.6,80.9926829268,82657002.0
208,2017,FRA,France,Europe & Central Asia,High income,Not classified,2983008898740.32,44577.0645745394,14.6,82.5756097561,66918020.0
209,2017,GBR,United Kingdom,Europe & Central Asia,High income,Not classified,3041891554350.64,46048.2000506645,8.2,81.256097561,66058859.0
210,2017,IND,India,South Asia,Lower middle income,IBRD,8354710136357.86,6169.4999177356,12.0,70.467,1354195680.0
211,2017,ITA,Italy,Europe & Central Asia,High income,Not classified,2517184209191.25,41581.120790548,7.1,82.9463414634,60536709.0
212,2017,JPN,Japan,East Asia & Pacific,High income,Not classified,5262254961496.86,41444.2157443914,17.0,84.0997560976,126972000.0
213,2017,RUS,Russian Federation,Europe & Central Asia,High income,IBRD,3807101264909.25,25777.904296875,28.2,72.4514634146,145293260.0
214,2017,USA,United States,North America,High income,Not classified,19612102000000.1,60322.261424175,15.9,78.5390243902,325122128.0
215,2017,ZAF,South Africa,Sub-Saharan Africa ,Upper middle income,IBRD,791817133500.013,13979.5238745701,25.2,65.402,56641209.0
216,2018,BRA,Brazil,Latin America & Caribbean ,Upper middle income,IBRD,3187189640258.87,15165.0631526578,7.0,75.109,210166592.0
217,2018,CAN,Canada,North America,High income,Not classified,1852985933143.48,49982.5999118348,12.0,81.843902439,37072620.0
218,2018,CHN,China,East Asia & Pacific,Upper middle income,IBRD,22453857449614.6,16006.9131210004,8.1,77.744,1402760000.0
219,2018,DEU,Germany,Europe & Central Asia,High income,Not classified,4576054323351.22,55195.8405428372,12.9,80.8926829268,82905782.0
220,2018,FRA,France,Europe & Central Asia,High income,Not classified,3125379876905.32,46537.4740442591,14.2,82.6756097561,67158348.0
221,2018,GBR,United Kingdom,Europe & Central Asia,High income,Not classified,3129649825363.44,47090.4848967293,8.1,81.256097561,66460344.0
222,2018,IND,India,South Asia,Lower middle income,IBRD,9230789424532.93,6742.7079131779,12.6,70.71,1369003306.0
223,2018,ITA,Italy,Europe & Central Asia,High income,Not classified,2600325592797.6,43036.2437770367,6.7,83.3463414634,60421760.0
224,2018,JPN,Japan,East Asia & Pacific,High income,Not classified,5344060957173.08,42141.9352987759,16.7,84.2109756098,126811000.0
225,2018,RUS,Russian Federation,Europe & Central Asia,High income,IBRD,4231842328030.95,28628.5625,27.1,72.662195122,145398106.0
226,2018,USA,United States,North America,High income,Not classified,20656516000000.0,63201.0458483771,15.7,78.6390243902,326838199.0
227,2018,ZAF,South Africa,Sub-Saharan Africa ,Upper middle income,IBRD,782329029153.218,13643.7741390091,24.1,65.674,57339635.0
228,2019,BRA,Brazil,Latin America & Caribbean ,Upper middle income,IBRD,3333775621737.55,15741.4785048749,6.9,75.338,211782878.0
229,2019,CAN,Canada,North America,High income,Not classified,1899695367283.6,50498.9731057448,11.8,82.223902439,37618495.0
230,2019,CHN,China,East Asia & Pacific,Upper middle income,IBRD,24300741817604.1,17262.1759037355,8.1,77.968,1407745000.0
231,2019,DEU,Germany,Europe & Central Asia,High income,Not classified,4840312367205.62,58251.7730828469,12.3,81.2926829268,83092962.0
232,2019,FRA,France,Europe & Central Asia,High income,Not classified,3452965773973.93,51240.0683019805,13.8,82.8268292683,67388001.0
233,2019,GBR,United Kingdom,Europe & Central Asia,High income,Not classified,3335878386954.69,49911.1566522003,7.9,81.4048780488,66836327.0
234,2019,IND,India,South Asia,Lower middle income,IBRD,9932850520578.86,7181.5226543496,12.7,70.91,1383112050.0
235,2019,ITA,Italy,Europe & Central Asia,High income,Not classified,2775612623552.04,46470.0373265754,6.7,83.4975609756,59729081.0
236,2019,JPN,Japan,East Asia & Pacific,High income,Not classified,5404462313923.95,42678.1511448355,15.3,84.3563414634,126633000.0
237,2019,RUS,Russian Federation,Europe & Central Asia,High income,IBRD,4579553861372.4,30963.853515625,25.1,73.083902439,145453291.0
238,2019,USA,United States,North America,High income,Not classified,21521395000000.0,65548.0707847572,16.1,78.787804878,328329953.0
239,2019,ZAF,South Africa,Sub-Saharan Africa ,Upper middle income,IBRD,796182639290.773,13706.713815854,23.5,66.175,58087055.0
240,2020,BRA,Brazil,Latin America & Caribbean ,Upper middle income,IBRD,3359777233099.99,15759.0782300803,,74.009,213196304.0
241,2020,CAN,Canada,North America,High income,Not classified,1847837502049.2,48590.6832121939,,81.6604878049,38028638.0
242,2020,CHN,China,East Asia & Pacific,Upper middle income,IBRD,25246667832981.6,17891.4802869971,,78.077,1411100000.0
243,2020,DEU,Germany,Europe & Central Asia,High income,Not classified,4815445166912.83,57905.1795514844,,81.0414634146,83160871.0
244,2020,FRA,France,Europe & Central Asia,High income,Not classified,3344383971188.32,49494.2900844931,,82.1756097561,67571107.0
245,2020,GBR,United Kingdom,Europe & Central Asia,High income,Not classified,3220293643239.06,48005.879606196,,80.3512195122,67081234.0
246,2020,IND,India,South Asia,Lower middle income,IBRD,9771021183357.46,6997.3583932627,,70.15,1396387127.0
247,2020,ITA,Italy,Europe & Central Asia,High income,Not classified,2627330094323.51,44202.235576921,,82.1951219512,59438851.0
248,2020,JPN,Japan,East Asia & Pacific,High income,Not classified,5358320688497.43,42438.44646009,,84.56,126261000.0
249,2020,RUS,Russian Federation,Europe & Central Asia,High income,IBRD,4651428694918.23,31490.8046875,,71.3387804878,145245148.0
250,2020,USA,United States,North America,High income,Not classified,21322950000000.0,64317.398912504,,76.9804878049,331526933.0
251,2020,ZAF,South Africa,Sub-Saharan Africa ,Upper middle income,IBRD,768110330808.662,13062.672772759,,65.252,58801927.0
252,2021,BRA,Brazil,Latin America & Caribbean ,Upper middle income,IBRD,3787769507879.98,17672.9168034655,,72.75,214326223.0
253,2021,CAN,Canada,North America,High income,Not classified,2133084584492.55,55781.6990272912,,81.5870731707,38239864.0
254,2021,CHN,China,East Asia & Pacific,Upper middle income,IBRD,28821648700423.3,20406.7296584605,,78.211,1412360000.0
255,2021,DEU,Germany,Europe & Central Asia,High income,Not classified,5153136084559.62,61939.6515850137,,80.7902439024,83196078.0
256,2021,FRA,France,Europe & Central Asia,High income,Not classified,3648077705347.78,53834.7992971017,,82.3243902439,67764304.0
257,2021,GBR,United Kingdom,Europe & Central Asia,High income,Not classified,3541778829454.69,52841.6345850474,,80.7,67026292.0
258,2021,IND,India,South Asia,Lower middle income,IBRD,11384367630968.1,8087.9938026769,,67.24,1407563842.0
259,2021,ITA,Italy,Europe & Central Asia,High income,Not classified,2950840663460.92,49901.6121367429,,82.6463414634,59133173.0
260,2021,JPN,Japan,East Asia & Pacific,High income,Not classified,5599031809810.88,44549.3383411434,,84.4456097561,125681593.0
261,2021,RUS,Russian Federation,Europe & Central Asia,High income,IBRD,5732443748434.11,38938.49609375,,69.9002439024,144746762.0
262,2021,USA,United States,North America,High income,Not classified,23594030999999.9,71055.87619383,,76.3292682927,332048977.0
263,2021,ZAF,South Africa,Sub-Saharan Africa ,Upper middle income,IBRD,841739362181.814,14172.5442514653,,62.341,59392255.0
264,2022,BRA,Brazil,Latin America & Caribbean ,Upper middle income,IBRD,4176778228978.4,19398.5898133446,,73.425,215313498.0
265,2022,CAN,Canada,North America,High income,Not classified,2415839858207.44,62041.5620298406,,81.2956097561,38939056.0
266,2022,CHN,China,East Asia & Pacific,Upper middle income,IBRD,31773150449261.9,22499.4426677018,,78.587,1412175000.0
267,2022,DEU,Germany,Europe & Central Asia,High income,Not classified,5582288432850.87,66616.022245056,,80.7056097561,83797985.0
268,2022,FRA,France,Europe & Central Asia,High income,Not classified,3914741997976.67,57594.0340179208,,82.2292682927,67971311.0
269,2022,GBR,United Kingdom,Europe & Central Asia,High income,Not classified,3847920019162.97,56761.5172982103,,82.0585365854,67791000.0
270,2022,IND,India,South Asia,Lower middle income,IBRD,13037380602506.7,9199.5677387175,,67.744,1417173173.0
271,2022,ITA,Italy,Europe & Central Asia,High income,Not classified,3295256338368.66,55908.2554692923,,82.9,58940425.0
272,2022,JPN,Japan,East Asia & Pacific,High income,Not classified,5895687814585.3,47118.3882748258,,83.9963414634,125124989.0
273,2022,RUS,Russian Federation,Europe & Central Asia,High income,IBRD,6009067722328.82,40957.76953125,,72.5456097561,144236933.0
274,2022,USA,United States,North America,High income,Not classified,25744108000000.1,77246.6738828675,,77.4341463415,333271411.0
275,2022,ZAF,South Africa,Sub-Saharan Africa ,Upper middle income,IBRD,918219331843.39,15330.7692737479,,61.48,59893885.0
276,2023,BRA,Brazil,Latin America & Caribbean ,Upper middle income,IBRD,4454930345429.17,20584.4191661579,,,216422446.0
277,2023,CAN,Canada,North America,High income,Not classified,2469314350968.61,61582.3499713265,,,40097761.0
278,2023,CHN,China,East Asia & Pacific,Upper middle income,IBRD,34643706848019.9,24557.6389534489,,,1410710000.0
279,2023,DEU,Germany,Europe & Central Asia,High income,Not classified,5857856201680.96,69338.2932264467,,,84482267.0
280,2023,FRA,France,Europe & Central Asia,High income,Not classified,4169071146832.93,61156.7728192566,,,68170228.0
281,2023,GBR,United Kingdom,Europe & Central Asia,High income,Not classified,4026241425912.98,58906.2388575418,,,68350000.0
282,2023,IND,India,South Asia,Lower middle income,IBRD,14537383619971.6,10175.767974032,,,1428627663.0
283,2023,ITA,Italy,Europe & Central Asia,High income,Not classified,3452505720028.19,58754.9078778721,,,58761146.0
284,2023,JPN,Japan,East Asia & Pacific,High income,Not classified,6251558780213.59,50206.6091580009,,,124516650.0
285,2023,RUS,Russian Federation,Europe & Central Asia,High income,IBRD,6452309481752.99,44103.546875,,,143826130.0
286,2023,USA,United States,North America,High income,Not classified,27360934999999.9,81695.1870713302,,,334914895.0
287,2023,ZAF,South Africa,Sub-Saharan Africa ,Upper middle income,IBRD,957414333113.818,15847.4275604525,,,60414495.0
